
-- Products
insert into RTCABO_PRODUCT
(ID, VERSION, CREATE_TS, CREATED_BY, UPDATE_TS, UPDATED_BY, DELETE_TS, DELETED_BY, NAME, CODE)
values ('0e5cf113-ccc5-a80d-5fe8-e4bc3bd65011', 1, '2018-03-31 10:10:52', 'admin', '2018-03-31 10:10:52', null, null, null, 'Left power - Sign', null);
insert into RTCABO_PRODUCT
(ID, VERSION, CREATE_TS, CREATED_BY, UPDATE_TS, UPDATED_BY, DELETE_TS, DELETED_BY, NAME, CODE)
values ('1c0d74aa-c461-88d1-e5ad-d5ec55564a5e', 2, '2018-03-31 10:10:05', 'admin', '2018-03-31 10:10:23', 'admin', null, null, 'Lord love a lefty - T-Shirt', null);
insert into RTCABO_PRODUCT
(ID, VERSION, CREATE_TS, CREATED_BY, UPDATE_TS, UPDATED_BY, DELETE_TS, DELETED_BY, NAME, CODE)
values ('275805a1-7be6-cee6-0843-a729f74e49a5', 2, '2018-03-22 20:04:21', 'admin', '2018-03-31 10:06:13', 'admin', null, null, 'Krusty Kolonge', null);
insert into RTCABO_PRODUCT
(ID, VERSION, CREATE_TS, CREATED_BY, UPDATE_TS, UPDATED_BY, DELETE_TS, DELETED_BY, NAME, CODE)
values ('2820300d-f01c-b08e-583b-072206040bfe', 1, '2018-03-31 10:07:21', 'admin', '2018-03-31 10:07:21', null, null, null, 'Desperation by Krusty', null);
insert into RTCABO_PRODUCT
(ID, VERSION, CREATE_TS, CREATED_BY, UPDATE_TS, UPDATED_BY, DELETE_TS, DELETED_BY, NAME, CODE)
values ('4030f09c-246f-b3aa-9de4-2e814c16dcb8', 1, '2018-03-31 10:07:48', 'admin', '2018-03-31 10:07:48', null, null, null, 'Duff Beer', null);
insert into RTCABO_PRODUCT
(ID, VERSION, CREATE_TS, CREATED_BY, UPDATE_TS, UPDATED_BY, DELETE_TS, DELETED_BY, NAME, CODE)
values ('7f1fbdc3-4b14-6bac-90b2-9182663f5746', 1, '2018-03-31 10:07:52', 'admin', '2018-03-31 10:07:52', null, null, null, 'Duff Light', null);
insert into RTCABO_PRODUCT
(ID, VERSION, CREATE_TS, CREATED_BY, UPDATE_TS, UPDATED_BY, DELETE_TS, DELETED_BY, NAME, CODE)
values ('85644457-3c30-8731-cc3c-718a449b1efc', 1, '2018-03-31 10:07:29', 'admin', '2018-03-31 10:07:29', null, null, null, 'Donut', null);
insert into RTCABO_PRODUCT
(ID, VERSION, CREATE_TS, CREATED_BY, UPDATE_TS, UPDATED_BY, DELETE_TS, DELETED_BY, NAME, CODE)
values ('8f880879-7fdf-bec9-735f-f7b979397530', 2, '2018-03-22 20:04:26', 'admin', '2018-03-31 10:06:21', 'admin', null, null, 'Soy Pop', null);
insert into RTCABO_PRODUCT
(ID, VERSION, CREATE_TS, CREATED_BY, UPDATE_TS, UPDATED_BY, DELETE_TS, DELETED_BY, NAME, CODE)
values ('9983452b-8734-3edf-c2d9-11a7fa4b04e5', 2, '2018-03-22 20:04:33', 'admin', '2018-03-31 10:06:31', 'admin', null, null, 'Nuts and Gum', null);
insert into RTCABO_PRODUCT
(ID, VERSION, CREATE_TS, CREATED_BY, UPDATE_TS, UPDATED_BY, DELETE_TS, DELETED_BY, NAME, CODE)
values ('b57f5e89-d979-4a78-4391-2284e76890f1', 1, '2018-03-31 10:07:04', 'admin', '2018-03-31 10:07:04', null, null, null, 'TUBBB', null);


-- Customers
insert into RTCABO_CUSTOMER
(ID, VERSION, CREATE_TS, CREATED_BY, UPDATE_TS, UPDATED_BY, DELETE_TS, DELETED_BY, NAME, FIRST_NAME, BIRTHDAY)
values ('1bfe10de-61f4-30ac-b4b0-3db8a60eff31', 1, '2018-03-31 10:03:27', 'admin', '2018-03-31 10:03:27', null, null, null, 'Szyslak', 'Moe', '1976-08-12');
insert into RTCABO_CUSTOMER
(ID, VERSION, CREATE_TS, CREATED_BY, UPDATE_TS, UPDATED_BY, DELETE_TS, DELETED_BY, NAME, FIRST_NAME, BIRTHDAY)
values ('1f265104-2f16-8dcb-c242-b812f21fc61f', 1, '2018-03-31 10:03:59', 'admin', '2018-03-31 10:03:59', null, null, null, 'Flanders', 'Ned', '1971-09-08');
insert into RTCABO_CUSTOMER
(ID, VERSION, CREATE_TS, CREATED_BY, UPDATE_TS, UPDATED_BY, DELETE_TS, DELETED_BY, NAME, FIRST_NAME, BIRTHDAY)
values ('256a008b-9c52-d047-e112-510ffb644abf', 1, '2018-03-31 10:05:19', 'admin', '2018-03-31 10:05:19', null, null, null, 'the Clown', 'Krusty', '1984-12-12');
insert into RTCABO_CUSTOMER
(ID, VERSION, CREATE_TS, CREATED_BY, UPDATE_TS, UPDATED_BY, DELETE_TS, DELETED_BY, NAME, FIRST_NAME, BIRTHDAY)
values ('6185ce21-8e3e-dbea-86b8-cd15cb60f16b', 1, '2018-03-31 10:04:55', 'admin', '2018-03-31 10:04:55', null, null, null, 'Wiggum', 'Ralph', '1985-01-01');
insert into RTCABO_CUSTOMER
(ID, VERSION, CREATE_TS, CREATED_BY, UPDATE_TS, UPDATED_BY, DELETE_TS, DELETED_BY, NAME, FIRST_NAME, BIRTHDAY)
values ('bc4bb62e-aab9-6808-20d3-66c2177b3ea6', 1, '2018-03-31 10:04:31', 'admin', '2018-03-31 10:04:31', null, null, null, 'Simpson', 'Marge', '1981-01-13');
insert into RTCABO_CUSTOMER
(ID, VERSION, CREATE_TS, CREATED_BY, UPDATE_TS, UPDATED_BY, DELETE_TS, DELETED_BY, NAME, FIRST_NAME, BIRTHDAY)
values ('cc0b565a-5af1-2e5e-9ca3-54a010bb8981', 1, '2018-03-31 10:02:58', 'admin', '2018-03-31 10:02:58', null, null, null, 'Van Houten', 'Milhouse', '1980-03-31');
insert into RTCABO_CUSTOMER
(ID, VERSION, CREATE_TS, CREATED_BY, UPDATE_TS, UPDATED_BY, DELETE_TS, DELETED_BY, NAME, FIRST_NAME, BIRTHDAY)
values ('d268d90d-1fa7-cdd5-15eb-492d260eed1e', 1, '2018-03-30 22:14:44', 'admin', '2018-03-30 22:14:44', null, null, null, 'Krababbel', 'Edna', '1965-04-18');
insert into RTCABO_CUSTOMER
(ID, VERSION, CREATE_TS, CREATED_BY, UPDATE_TS, UPDATED_BY, DELETE_TS, DELETED_BY, NAME, FIRST_NAME, BIRTHDAY)
values ('f601c835-8b0d-bcf3-5026-10447ee826d4', 1, '2018-03-31 10:04:19', 'admin', '2018-03-31 10:04:19', null, null, null, 'Simpson', 'Homer', '1968-06-04');
insert into RTCABO_CUSTOMER
(ID, VERSION, CREATE_TS, CREATED_BY, UPDATE_TS, UPDATED_BY, DELETE_TS, DELETED_BY, NAME, FIRST_NAME, BIRTHDAY)
values ('f76b4f21-66a4-3036-f763-3b5fdd20cb78', 1, '2018-03-31 10:02:29', 'admin', '2018-03-31 10:02:29', null, null, null, 'Nahasapeemapetilon', 'Apu', '1966-01-03');


-- Orders
insert into RTCABO_ORDER
(ID, VERSION, CREATE_TS, CREATED_BY, UPDATE_TS, UPDATED_BY, DELETE_TS, DELETED_BY, CUSTOMER_ID, ORDER_ID, ORDER_DATE, DELIVERY_DATE)
values ('52f92cef-9833-347c-b788-5f5840e401e9', 1, '2018-03-31 10:12:42', 'admin', '2018-03-31 10:12:42', null, null, null, '6185ce21-8e3e-dbea-86b8-cd15cb60f16b', '5', '2018-03-01', '2018-03-13');
insert into RTCABO_ORDER
(ID, VERSION, CREATE_TS, CREATED_BY, UPDATE_TS, UPDATED_BY, DELETE_TS, DELETED_BY, CUSTOMER_ID, ORDER_ID, ORDER_DATE, DELIVERY_DATE)
values ('afd3bf35-faf5-4a1b-61d4-bab10f5c32e7', 1, '2018-03-31 10:12:22', 'admin', '2018-03-31 10:12:22', null, null, null, '256a008b-9c52-d047-e112-510ffb644abf', '4', '2018-02-04', '2018-02-20');
insert into RTCABO_ORDER
(ID, VERSION, CREATE_TS, CREATED_BY, UPDATE_TS, UPDATED_BY, DELETE_TS, DELETED_BY, CUSTOMER_ID, ORDER_ID, ORDER_DATE, DELIVERY_DATE)
values ('f2959bcf-1abe-d9a0-44dc-284f647cfff2', 1, '2018-03-31 10:13:06', 'admin', '2018-03-31 10:13:06', null, null, null, 'f601c835-8b0d-bcf3-5026-10447ee826d4', '6', '2018-03-27', '2018-03-29');
insert into RTCABO_ORDER
(ID, VERSION, CREATE_TS, CREATED_BY, UPDATE_TS, UPDATED_BY, DELETE_TS, DELETED_BY, CUSTOMER_ID, ORDER_ID, ORDER_DATE, DELIVERY_DATE)
values ('fa212c49-699b-79c8-2af4-1ac1d7856214', 1, '2018-03-31 10:09:12', 'admin', '2018-03-31 10:09:12', null, null, null, '1f265104-2f16-8dcb-c242-b812f21fc61f', '3', '2018-03-30', '2018-04-14');

insert into RTCABO_LINE_ITEM
(ID, VERSION, CREATE_TS, CREATED_BY, UPDATE_TS, UPDATED_BY, DELETE_TS, DELETED_BY, PRODUCT_ID, PRICE, QUANTITY, ORDER_ID)
values ('35ea0b47-0fb9-5a30-089a-23763fe4ac82', 1, '2018-03-31 10:12:42', 'admin', '2018-03-31 10:12:42', null, null, null, '8f880879-7fdf-bec9-735f-f7b979397530', 3.00, 3, '52f92cef-9833-347c-b788-5f5840e401e9');
insert into RTCABO_LINE_ITEM
(ID, VERSION, CREATE_TS, CREATED_BY, UPDATE_TS, UPDATED_BY, DELETE_TS, DELETED_BY, PRODUCT_ID, PRICE, QUANTITY, ORDER_ID)
values ('391f4584-a947-4448-225d-6e282a3b95a9', 1, '2018-03-31 10:12:22', 'admin', '2018-03-31 10:12:22', null, null, null, '9983452b-8734-3edf-c2d9-11a7fa4b04e5', 4.99, 10, 'afd3bf35-faf5-4a1b-61d4-bab10f5c32e7');
insert into RTCABO_LINE_ITEM
(ID, VERSION, CREATE_TS, CREATED_BY, UPDATE_TS, UPDATED_BY, DELETE_TS, DELETED_BY, PRODUCT_ID, PRICE, QUANTITY, ORDER_ID)
values ('bdd2040f-0fe4-591a-2a8a-720113074b99', 1, '2018-03-31 10:12:22', 'admin', '2018-03-31 10:12:22', null, null, null, '7f1fbdc3-4b14-6bac-90b2-9182663f5746', 1.50, 45, 'afd3bf35-faf5-4a1b-61d4-bab10f5c32e7');
insert into RTCABO_LINE_ITEM
(ID, VERSION, CREATE_TS, CREATED_BY, UPDATE_TS, UPDATED_BY, DELETE_TS, DELETED_BY, PRODUCT_ID, PRICE, QUANTITY, ORDER_ID)
values ('63998484-512a-c094-d890-e3e1ab4c5967', 1, '2018-03-31 10:12:22', 'admin', '2018-03-31 10:12:22', null, null, null, '1c0d74aa-c461-88d1-e5ad-d5ec55564a5e', 19.00, 1, 'afd3bf35-faf5-4a1b-61d4-bab10f5c32e7');
insert into RTCABO_LINE_ITEM
(ID, VERSION, CREATE_TS, CREATED_BY, UPDATE_TS, UPDATED_BY, DELETE_TS, DELETED_BY, PRODUCT_ID, PRICE, QUANTITY, ORDER_ID)
values ('65270534-9bbb-17e6-47d6-154d4fa87033', 1, '2018-03-31 10:13:06', 'admin', '2018-03-31 10:13:06', null, null, null, '4030f09c-246f-b3aa-9de4-2e814c16dcb8', 2.99, 40, 'f2959bcf-1abe-d9a0-44dc-284f647cfff2');
insert into RTCABO_LINE_ITEM
(ID, VERSION, CREATE_TS, CREATED_BY, UPDATE_TS, UPDATED_BY, DELETE_TS, DELETED_BY, PRODUCT_ID, PRICE, QUANTITY, ORDER_ID)
values ('af585ec4-e7e3-8af4-8ea6-c5c1225c2ae1', 1, '2018-03-31 10:13:06', 'admin', '2018-03-31 10:13:06', null, null, null, '7f1fbdc3-4b14-6bac-90b2-9182663f5746', 1.99, 20, 'f2959bcf-1abe-d9a0-44dc-284f647cfff2');
insert into RTCABO_LINE_ITEM
(ID, VERSION, CREATE_TS, CREATED_BY, UPDATE_TS, UPDATED_BY, DELETE_TS, DELETED_BY, PRODUCT_ID, PRICE, QUANTITY, ORDER_ID)
values ('df91fc78-fb63-e29d-e069-f8234c65160c', 1, '2018-03-31 10:09:12', 'admin', '2018-03-31 10:09:12', null, null, null, '4030f09c-246f-b3aa-9de4-2e814c16dcb8', 5.00, 10, 'fa212c49-699b-79c8-2af4-1ac1d7856214');
insert into RTCABO_LINE_ITEM
(ID, VERSION, CREATE_TS, CREATED_BY, UPDATE_TS, UPDATED_BY, DELETE_TS, DELETED_BY, PRODUCT_ID, PRICE, QUANTITY, ORDER_ID)
values ('b586d3df-90eb-45be-8aff-2bddc37a46af', 1, '2018-03-31 10:09:12', 'admin', '2018-03-31 10:09:12', null, null, null, '85644457-3c30-8731-cc3c-718a449b1efc', 7.00, 30, 'fa212c49-699b-79c8-2af4-1ac1d7856214');